{
  "$schema": "./node_modules/@biomejs/biome/configuration_schema.json",
  "vcs": {
    "enabled": true,
    "clientKind": "git",
    "useIgnoreFile": true
  },
  "organizeImports": {
    "enabled": true
  },
  "linter": {
    "enabled": true,
    "rules": {
      "recommended": false,
      "correctness": {
        "all": false,
        "noUnusedVariables": "error",
        "noPrecisionLoss": "error"
      },
      "suspicious": {
        "all": false,
        "noControlCharactersInRegex": "error"
      },
      "nursery": {
        "noUnusedImports": "error",
        "useRegexLiterals": "error"
      },
      "performance": {
        "all": true,
        "noAccumulatingSpread": "error",
        "noDelete": "off"
      }
    },
    "ignore": [
      ".vscode/*",
      "**/*.json",
      ".next/**/*",
      ".svelte-kit/**/*",
      "**/fixtures/*/*.json",
      "**/*.min.js",
      ".next/**",
      ".svelte-kit/**",
      ".angular/**",
      "angular.json",
      "ember/instance-initializers/**",
      "ember/types.d.ts",
      ".output",
      ".vinxi"
    ]
  },
  "files": {
    "ignoreUnknown": true
  },
  "formatter": {
    "enabled": true,
    "formatWithErrors": true,
    "indentStyle": "space",
    "indentWidth": 2,
    "lineWidth": 120,
    "ignore": [
      "dev-packages/browser-integration-tests/fixtures/loader.js",
      "dev-packages/browser-integration-tests/suites/**/*.json",
      "dev-packages/browser-integration-tests/loader-suites/**/*.js",
      "dev-packages/browser-integration-tests/suites/stacktraces/**/*.js",
      ".next/**/*",
      "**/fixtures/*/*.json",
      "**/*.min.js",
      ".next/**",
      ".svelte-kit/**",
      ".angular/**",
      "angular.json",
      "**/profiling-node/lib/**",
      "ember/instance-initializers/**",
      "ember/types.d.ts"
    ]
  },
  "javascript": {
    "formatter": {
      "enabled": true,
      "quoteStyle": "single",
      "arrowParentheses": "asNeeded",
      "trailingComma": "all",
      "lineEnding": "lf"
    },
    "parser": {
      "unsafeParameterDecoratorsEnabled": true
    }
  },
  "json": {
    "formatter": {
      "enabled": true
    }
  }
}
